{
    "results":[

    {
        "id":"1",
        "name":"Apple",
        "disc_short":"Fall from trees, sold by villagers",
        "disc_long":"Apples are food items that can be eaten by the player, they have a change of falling from trees once all of the bark has been removed and the leaves start to fall. Apples can be found in 33.7% of stronghold altar chests, 61.6% of village blacksmith chests, 74.3% of igloo chests and 50.0% of stronghold storeroom chests, all in stacks of 1–3; and in 83.8% of bonus chests in stacks of 1–2. Villager farmers may offer to sell apples in exchange for emeralds. 5–7 apples can be bought per emerald as one of their third tier trades.",
        "crafting":{
                "input1":"Not Cookable",
                "extra1":"",
                "input2":"",
                "extra2":""
        },
        "information":{
                "raw_hearts":"4",
                "raw_saturation":"2.4",
                "cookable":"No",
                "cooked_hearts":"N/A",
                "cooked_saturation":"N/A",
                "added":"Indev",
                "stackable":"Yes (64)",
                "renewable":"Yes"
        },
        "image":"1_apple"
    },

        {
        "id":"2",
        "name":"Bread",
        "disc_short":"Fall from trees, sold by villagers",
        "disc_long":"Apples are food items that can be eaten by the player, they have a change of falling from trees once all of the bark has been removed and the leaves start to fall. Apples can be found in 33.7% of stronghold altar chests, 61.6% of village blacksmith chests, 74.3% of igloo chests and 50.0% of stronghold storeroom chests, all in stacks of 1–3; and in 83.8% of bonus chests in stacks of 1–2. Villager farmers may offer to sell apples in exchange for emeralds. 5–7 apples can be bought per emerald as one of their third tier trades.",
        "crafting":{
                "input1":"Not Cookable",
                "extra1":"",
                "input2":"",
                "extra2":""
        },
        "information":{
                "raw_hearts":"4",
                "raw_saturation":"2.4",
                "cookable":"No",
                "cooked_hearts":"N/A",
                "cooked_saturation":"N/A",
                "added":"Indev",
                "stackable":"Yes (64)",
                "renewable":"Yes"
        },
        "image":"2_bread"
    },

        {
        "id":"3",
        "name":"Melon",
        "disc_short":"Fall from trees, sold by villagers",
        "disc_long":"Apples are food items that can be eaten by the player, they have a change of falling from trees once all of the bark has been removed and the leaves start to fall. Apples can be found in 33.7% of stronghold altar chests, 61.6% of village blacksmith chests, 74.3% of igloo chests and 50.0% of stronghold storeroom chests, all in stacks of 1–3; and in 83.8% of bonus chests in stacks of 1–2. Villager farmers may offer to sell apples in exchange for emeralds. 5–7 apples can be bought per emerald as one of their third tier trades.",
        "crafting":{
                "input1":"Not Cookable",
                "extra1":"",
                "input2":"",
                "extra2":""
        },
        "information":{
                "raw_hearts":"4",
                "raw_saturation":"2.4",
                "cookable":"No",
                "cooked_hearts":"N/A",
                "cooked_saturation":"N/A",
                "added":"Indev",
                "stackable":"Yes (64)",
                "renewable":"Yes"
        },
        "image":"3_melon"
    },

        {
        "id":"4",
        "name":"Patato",
        "disc_short":"Fall from trees, sold by villagers",
        "disc_long":"Apples are food items that can be eaten by the player, they have a change of falling from trees once all of the bark has been removed and the leaves start to fall. Apples can be found in 33.7% of stronghold altar chests, 61.6% of village blacksmith chests, 74.3% of igloo chests and 50.0% of stronghold storeroom chests, all in stacks of 1–3; and in 83.8% of bonus chests in stacks of 1–2. Villager farmers may offer to sell apples in exchange for emeralds. 5–7 apples can be bought per emerald as one of their third tier trades.",
        "crafting":{
                "input1":"Not Cookable",
                "extra1":"",
                "input2":"",
                "extra2":""
        },
        "information":{
                "raw_hearts":"4",
                "raw_saturation":"2.4",
                "cookable":"No",
                "cooked_hearts":"N/A",
                "cooked_saturation":"N/A",
                "added":"Indev",
                "stackable":"Yes (64)",
                "renewable":"Yes"
        },
        "image":"4_potato"
    },

        {
        "id":"5",
        "name":"Carrot",
        "disc_short":"Fall from trees, sold by villagers",
        "disc_long":"Apples are food items that can be eaten by the player, they have a change of falling from trees once all of the bark has been removed and the leaves start to fall. Apples can be found in 33.7% of stronghold altar chests, 61.6% of village blacksmith chests, 74.3% of igloo chests and 50.0% of stronghold storeroom chests, all in stacks of 1–3; and in 83.8% of bonus chests in stacks of 1–2. Villager farmers may offer to sell apples in exchange for emeralds. 5–7 apples can be bought per emerald as one of their third tier trades.",
        "crafting":{
                "input1":"Not Cookable",
                "extra1":"",
                "input2":"",
                "extra2":""
        },
        "information":{
                "raw_hearts":"4",
                "raw_saturation":"2.4",
                "cookable":"No",
                "cooked_hearts":"N/A",
                "cooked_saturation":"N/A",
                "added":"Indev",
                "stackable":"Yes (64)",
                "renewable":"Yes"
        },
        "image":"5_carrot"
    },

        {
        "id":"6",
        "name":"Chicken",
        "disc_short":"Fall from trees, sold by villagers",
        "disc_long":"Apples are food items that can be eaten by the player, they have a change of falling from trees once all of the bark has been removed and the leaves start to fall. Apples can be found in 33.7% of stronghold altar chests, 61.6% of village blacksmith chests, 74.3% of igloo chests and 50.0% of stronghold storeroom chests, all in stacks of 1–3; and in 83.8% of bonus chests in stacks of 1–2. Villager farmers may offer to sell apples in exchange for emeralds. 5–7 apples can be bought per emerald as one of their third tier trades.",
        "crafting":{
                "input1":"Not Cookable",
                "extra1":"",
                "input2":"",
                "extra2":""
        },
        "information":{
                "raw_hearts":"4",
                "raw_saturation":"2.4",
                "cookable":"No",
                "cooked_hearts":"N/A",
                "cooked_saturation":"N/A",
                "added":"Indev",
                "stackable":"Yes (64)",
                "renewable":"Yes"
        },
        "image":"6_chicken"
    },

        {
        "id":"7",
        "name":"Porkchop",
        "disc_short":"Fall from trees, sold by villagers",
        "disc_long":"Apples are food items that can be eaten by the player, they have a change of falling from trees once all of the bark has been removed and the leaves start to fall. Apples can be found in 33.7% of stronghold altar chests, 61.6% of village blacksmith chests, 74.3% of igloo chests and 50.0% of stronghold storeroom chests, all in stacks of 1–3; and in 83.8% of bonus chests in stacks of 1–2. Villager farmers may offer to sell apples in exchange for emeralds. 5–7 apples can be bought per emerald as one of their third tier trades.",
        "crafting":{
                "input1":"Not Cookable",
                "extra1":"",
                "input2":"",
                "extra2":""
        },
        "information":{
                "raw_hearts":"4",
                "raw_saturation":"2.4",
                "cookable":"No",
                "cooked_hearts":"N/A",
                "cooked_saturation":"N/A",
                "added":"Indev",
                "stackable":"Yes (64)",
                "renewable":"Yes"
        },
        "image":"7_porkchop"
    },

        {
        "id":"8",
        "name":"Steak",
        "disc_short":"Fall from trees, sold by villagers",
        "disc_long":"Apples are food items that can be eaten by the player, they have a change of falling from trees once all of the bark has been removed and the leaves start to fall. Apples can be found in 33.7% of stronghold altar chests, 61.6% of village blacksmith chests, 74.3% of igloo chests and 50.0% of stronghold storeroom chests, all in stacks of 1–3; and in 83.8% of bonus chests in stacks of 1–2. Villager farmers may offer to sell apples in exchange for emeralds. 5–7 apples can be bought per emerald as one of their third tier trades.",
        "crafting":{
                "input1":"Not Cookable",
                "extra1":"",
                "input2":"",
                "extra2":""
        },
        "information":{
                "raw_hearts":"4",
                "raw_saturation":"2.4",
                "cookable":"No",
                "cooked_hearts":"N/A",
                "cooked_saturation":"N/A",
                "added":"Indev",
                "stackable":"Yes (64)",
                "renewable":"Yes"
        },
        "image":"8_steak"
    },

        {
        "id":"9",
        "name":"Mutton",
        "disc_short":"Fall from trees, sold by villagers",
        "disc_long":"Apples are food items that can be eaten by the player, they have a change of falling from trees once all of the bark has been removed and the leaves start to fall. Apples can be found in 33.7% of stronghold altar chests, 61.6% of village blacksmith chests, 74.3% of igloo chests and 50.0% of stronghold storeroom chests, all in stacks of 1–3; and in 83.8% of bonus chests in stacks of 1–2. Villager farmers may offer to sell apples in exchange for emeralds. 5–7 apples can be bought per emerald as one of their third tier trades.",
        "crafting":{
                "input1":"Not Cookable",
                "extra1":"",
                "input2":"",
                "extra2":""
        },
        "information":{
                "raw_hearts":"4",
                "raw_saturation":"2.4",
                "cookable":"No",
                "cooked_hearts":"N/A",
                "cooked_saturation":"N/A",
                "added":"Indev",
                "stackable":"Yes (64)",
                "renewable":"Yes"
        },
        "image":"9_mutton"
    },

        {
        "id":"10",
        "name":"Fish",
        "disc_short":"Fall from trees, sold by villagers",
        "disc_long":"Apples are food items that can be eaten by the player, they have a change of falling from trees once all of the bark has been removed and the leaves start to fall. Apples can be found in 33.7% of stronghold altar chests, 61.6% of village blacksmith chests, 74.3% of igloo chests and 50.0% of stronghold storeroom chests, all in stacks of 1–3; and in 83.8% of bonus chests in stacks of 1–2. Villager farmers may offer to sell apples in exchange for emeralds. 5–7 apples can be bought per emerald as one of their third tier trades.",
        "crafting":{
                "input1":"Not Cookable",
                "extra1":"",
                "input2":"",
                "extra2":""
        },
        "information":{
                "raw_hearts":"4",
                "raw_saturation":"2.4",
                "cookable":"No",
                "cooked_hearts":"N/A",
                "cooked_saturation":"N/A",
                "added":"Indev",
                "stackable":"Yes (64)",
                "renewable":"Yes"
        },
        "image":"10_fish"
    },

        {
        "id":"11",
        "name":"Salmon",
        "disc_short":"Fall from trees, sold by villagers",
        "disc_long":"Apples are food items that can be eaten by the player, they have a change of falling from trees once all of the bark has been removed and the leaves start to fall. Apples can be found in 33.7% of stronghold altar chests, 61.6% of village blacksmith chests, 74.3% of igloo chests and 50.0% of stronghold storeroom chests, all in stacks of 1–3; and in 83.8% of bonus chests in stacks of 1–2. Villager farmers may offer to sell apples in exchange for emeralds. 5–7 apples can be bought per emerald as one of their third tier trades.",
        "crafting":{
                "input1":"Not Cookable",
                "extra1":"",
                "input2":"",
                "extra2":""
        },
        "information":{
                "raw_hearts":"4",
                "raw_saturation":"2.4",
                "cookable":"No",
                "cooked_hearts":"N/A",
                "cooked_saturation":"N/A",
                "added":"Indev",
                "stackable":"Yes (64)",
                "renewable":"Yes"
        },
        "image":"10_salmon"
    },

        {
        "id":"12",
        "name":"Pumpkin Pie",
        "disc_short":"Fall from trees, sold by villagers",
        "disc_long":"Apples are food items that can be eaten by the player, they have a change of falling from trees once all of the bark has been removed and the leaves start to fall. Apples can be found in 33.7% of stronghold altar chests, 61.6% of village blacksmith chests, 74.3% of igloo chests and 50.0% of stronghold storeroom chests, all in stacks of 1–3; and in 83.8% of bonus chests in stacks of 1–2. Villager farmers may offer to sell apples in exchange for emeralds. 5–7 apples can be bought per emerald as one of their third tier trades.",
        "crafting":{
                "input1":"Not Cookable",
                "extra1":"",
                "input2":"",
                "extra2":""
        },
        "information":{
                "raw_hearts":"4",
                "raw_saturation":"2.4",
                "cookable":"No",
                "cooked_hearts":"N/A",
                "cooked_saturation":"N/A",
                "added":"Indev",
                "stackable":"Yes (64)",
                "renewable":"Yes"
        },
        "image":"11_pumpkinPie"
    },

        {
        "id":"13",
        "name":"Cookie",
        "disc_short":"Fall from trees, sold by villagers",
        "disc_long":"Apples are food items that can be eaten by the player, they have a change of falling from trees once all of the bark has been removed and the leaves start to fall. Apples can be found in 33.7% of stronghold altar chests, 61.6% of village blacksmith chests, 74.3% of igloo chests and 50.0% of stronghold storeroom chests, all in stacks of 1–3; and in 83.8% of bonus chests in stacks of 1–2. Villager farmers may offer to sell apples in exchange for emeralds. 5–7 apples can be bought per emerald as one of their third tier trades.",
        "crafting":{
                "input1":"Not Cookable",
                "extra1":"",
                "input2":"",
                "extra2":""
        },
        "information":{
                "raw_hearts":"4",
                "raw_saturation":"2.4",
                "cookable":"No",
                "cooked_hearts":"N/A",
                "cooked_saturation":"N/A",
                "added":"Indev",
                "stackable":"Yes (64)",
                "renewable":"Yes"
        },
        "image":"12_cookie"
    },

        {
        "id":"14",
        "name":"Cake",
        "disc_short":"Fall from trees, sold by villagers",
        "disc_long":"Apples are food items that can be eaten by the player, they have a change of falling from trees once all of the bark has been removed and the leaves start to fall. Apples can be found in 33.7% of stronghold altar chests, 61.6% of village blacksmith chests, 74.3% of igloo chests and 50.0% of stronghold storeroom chests, all in stacks of 1–3; and in 83.8% of bonus chests in stacks of 1–2. Villager farmers may offer to sell apples in exchange for emeralds. 5–7 apples can be bought per emerald as one of their third tier trades.",
        "crafting":{
                "input1":"Not Cookable",
                "extra1":"",
                "input2":"",
                "extra2":""
        },
        "information":{
                "raw_hearts":"4",
                "raw_saturation":"2.4",
                "cookable":"No",
                "cooked_hearts":"N/A",
                "cooked_saturation":"N/A",
                "added":"Indev",
                "stackable":"Yes (64)",
                "renewable":"Yes"
        },
        "image":"13_cake"
    }

    ]
}