{
    "results":[
    
    {
        "id":"1",
        "name":"Crafting Table",
        "disc":"Craft all your items",
        "crafting":{
                "one":"mrs",
                "two":"Crafting Table",
                "three":"carpenter"
        },
        "information":{
                "added":"indev 0.31",
                "transparency":"No",
                "luminance":"No",
                "renewable":"Yes",
                "stackable":"Yes (64)",
                "flammable":"No, but catches fire from lava",
                "blast":"12.5",
                "tool":"Broken with any tool, Axe is fastest"
        },
        "image":"basic_craft"
    },

    {
        "id":"2",
        "name":"Furnace",
        "disc":"Cook your food or ores",
        "image":"furnace",
        
        "crafting":{
                "one":"mrs",
                "two":"Crafting Table",
                "three":"carpenter"
        },

        "location":{
                "street":"4372 queens road",
                "city":"wolverhampton",
                "state":"rutland",
                "postcode":"QH8A 3XR"
        }
    }
    
    ]
}